Dependientes,Ingresos,Ingresos_cosolicitante,Monto,Monto_plazo,credito,Genero_Male,Casado_Yes,Education_Not Graduate,Autoempleado_Yes,Propiedad_Semiurban,Propiedad_Urban,Target
0.6666666666666666,0.14932150177732792,0.0,0.12636505460218408,0.7435897435897436,1.0,1.0,1.0,0.0,0.0,1.0,0.0,0
0.0,0.13977322850989843,0.0,0.0514820592823713,0.358974358974359,1.0,1.0,1.0,0.0,0.0,0.0,0.0,0
0.0,0.4430346903297783,0.0,0.28393135725429014,0.7435897435897436,1.0,1.0,1.0,0.0,1.0,1.0,0.0,0
0.2515592515592515,0.21242313380555755,0.03482372141022872,0.24336973478939158,0.7435897435897436,0.0,1.0,1.0,0.0,0.0,0.0,1.0,1
0.0,0.14750525414493645,0.03935968512251902,0.21094484371341027,0.7435897435897436,1.0,1.0,0.0,0.0,0.0,0.0,0.0,0
0.3333333333333333,0.15710542020186283,0.1272469820241438,0.20124804992199688,0.7435897435897436,0.8295964125560538,1.0,1.0,1.0,0.0,0.0,0.0,1
1.0,0.2799356529410236,0.0,0.23088923556942278,0.358974358974359,1.0,1.0,1.0,0.0,0.0,0.0,0.0,0
0.0,0.05939129757920133,0.05759953920368637,0.1653666146645866,0.7435897435897436,1.0,1.0,1.0,1.0,0.0,0.0,1.0,0
0.6666666666666666,0.2712695570950414,0.031199750401996785,0.1544461778471139,0.7435897435897436,1.0,1.0,1.0,0.0,1.0,0.0,0.0,0
0.0,0.2582963597208166,0.0,0.2059282371294852,0.7435897435897436,1.0,1.0,0.0,0.0,0.0,0.0,1.0,0
0.0,0.10433045328351617,0.03501571987424101,0.1341653666146646,0.7435897435897436,1.0,1.0,1.0,0.0,0.0,0.0,1.0,0
0.0,0.09711735554344716,0.06700746394028848,0.2277691107644306,0.7435897435897436,1.0,1.0,1.0,1.0,0.0,0.0,0.0,0
0.0,0.1337536649282581,0.0,0.1107644305772231,0.7435897435897436,1.0,1.0,0.0,0.0,0.0,0.0,1.0,1
0.0,0.024778806984769454,0.04319965440276478,0.1466458658346334,0.7435897435897436,0.0,0.0,0.0,0.0,0.0,1.0,0.0,1
0.3333333333333333,0.21937676759814206,0.016511867905056758,0.2355694227769111,0.7435897435897436,1.0,1.0,1.0,0.0,0.0,0.0,0.0,0
0.3333333333333333,0.18606159674113268,0.06827945376436989,0.2043681747269891,0.358974358974359,1.0,0.0,1.0,0.0,0.0,1.0,0.0,0
0.0,0.08066734127293007,0.08999928000575995,0.2230889235569423,0.7435897435897436,1.0,1.0,1.0,0.0,1.0,0.0,0.0,0
0.3333333333333333,0.03941257362289507,0.05356757145942832,0.1528861154446178,0.7435897435897436,1.0,1.0,1.0,0.0,0.0,0.0,0.0,0
0.6666666666666666,0.2712695570950414,0.1356949144406845,0.2792511700468019,0.358974358974359,1.0,1.0,1.0,0.0,0.0,1.0,0.0,0
0.0,0.05145170078617572,0.04629562963496292,0.10140405616224649,0.7435897435897436,1.0,1.0,0.0,0.0,0.0,0.0,1.0,0
0.0,0.07277963726940134,0.056159550723594215,0.2090483619344774,0.7435897435897436,1.0,1.0,1.0,0.0,0.0,1.0,0.0,0
0.0,0.24511559118860415,0.0,0.38377535101404053,0.7435897435897436,0.8295964125560538,1.0,1.0,0.0,0.0,0.0,1.0,1
1.0,0.11159544381308209,0.0,0.10140405616224649,0.7435897435897436,1.0,1.0,1.0,1.0,0.0,1.0,0.0,0
0.6666666666666666,0.4504553592278349,0.0,0.1606864274570983,0.7435897435897436,1.0,1.0,1.0,0.0,0.0,0.0,1.0,0
0.0,0.3274694481201834,0.19999040007679939,0.25897035881435254,0.6153846153846154,0.8295964125560538,1.0,1.0,0.0,0.0,0.0,0.0,0
0.0,0.17267325705093264,0.0,0.22620904836193448,0.7435897435897436,1.0,0.0,0.0,1.0,0.0,0.0,0.0,0
0.3333333333333333,0.14802418203990544,0.0,0.09048361934477381,0.7435897435897436,1.0,1.0,1.0,0.0,0.0,0.0,1.0,1
1.0,0.1268000311356736,0.08227134182926536,0.2199687987519501,0.7435897435897436,1.0,1.0,1.0,0.0,0.0,0.0,0.0,0
1.0,0.17179107962948534,0.043463652290781675,0.2355694227769111,0.7435897435897436,0.0,1.0,1.0,0.0,0.0,0.0,1.0,0
0.3333333333333333,0.10723644949534253,0.030719754241966064,0.1747269890795632,0.7435897435897436,0.0,1.0,1.0,0.0,0.0,1.0,0.0,1
0.3333333333333333,0.0,0.07252741978064176,0.1575663026521061,0.7435897435897436,1.0,1.0,1.0,0.0,1.0,0.0,1.0,1
0.0,0.17179107962948534,0.058823529411764705,0.1575663026521061,0.7435897435897436,1.0,1.0,1.0,0.0,0.0,0.0,1.0,1
1.0,0.10448613165200688,0.060095519235846113,0.2324492979719189,0.7435897435897436,0.0,1.0,1.0,0.0,0.0,1.0,0.0,1
0.0,0.0766715964816688,0.0,0.1357254290171607,1.0000000000000002,1.0,1.0,0.0,0.0,0.0,1.0,0.0,1
0.0,0.22804286344412428,0.0,0.2480499219968799,0.7435897435897436,1.0,1.0,0.0,0.0,0.0,0.0,1.0,0
0.3333333333333333,0.1106613736021379,0.042695658434732525,0.2043681747269891,0.7435897435897436,1.0,1.0,1.0,0.0,0.0,1.0,0.0,0
0.0,0.15970005967670778,0.0,0.1794071762870515,0.7435897435897436,0.8295964125560538,0.0,1.0,1.0,0.0,0.0,0.0,0
0.0,0.0,0.04319965440276478,0.1965678627145086,0.7435897435897436,1.0,1.0,1.0,0.0,0.0,0.0,0.0,1
0.6666666666666666,0.15497781583248996,0.041207670338637294,0.1669266770670827,0.7435897435897436,1.0,1.0,1.0,0.0,0.0,1.0,0.0,0
0.6666666666666666,0.16945590410212488,0.07831137350901193,0.1934477379095164,0.358974358974359,1.0,1.0,1.0,1.0,0.0,0.0,1.0,0
0.6666666666666666,0.11694040113126272,0.011615907072743419,0.1965678627145086,0.7435897435897436,0.8295964125560538,1.0,1.0,0.0,0.0,1.0,0.0,0
0.3333333333333333,0.14760903972393025,0.0,0.08268330733229329,0.7435897435897436,1.0,0.0,0.0,1.0,1.0,1.0,0.0,1
0.0,0.18995355595340013,0.04595963232294142,0.2745709828393136,0.7435897435897436,1.0,1.0,0.0,0.0,0.0,1.0,0.0,1
0.3333333333333333,0.8982901325860765,0.0,0.765990639625585,0.7435897435897436,1.0,1.0,1.0,0.0,0.0,0.0,1.0,1
0.0,0.040346643833839256,0.029111767105863152,0.0592823712948518,0.7435897435897436,1.0,1.0,0.0,0.0,0.0,0.0,1.0,0
0.6666666666666666,0.13764562414052556,0.0058079535363717094,0.1544461778471139,0.7435897435897436,1.0,1.0,1.0,1.0,0.0,1.0,0.0,0
1.0,0.23318024960431727,0.2711978304173567,0.7581903276131046,0.7435897435897436,0.0,1.0,1.0,0.0,0.0,1.0,0.0,1
0.0,0.11128408707610069,0.054791561667506664,0.22620904836193448,0.7435897435897436,1.0,0.0,1.0,0.0,0.0,1.0,0.0,0
0.2515592515592515,0.2325056433408576,0.10775913792689659,0.09516380655226209,0.7036858974358975,1.0,1.0,1.0,0.0,1.0,1.0,0.0,0
0.3333333333333333,0.10583534417892626,0.04768761849905201,0.1591263650546022,0.358974358974359,0.0,1.0,0.0,0.0,0.0,0.0,1.0,1
0.0,0.04636620741547958,0.1215110279117767,0.09048361934477381,0.7435897435897436,0.8295964125560538,1.0,0.0,0.0,0.0,0.0,0.0,1
1.0,0.14672686230248294,0.023591811265509875,0.1419656786271451,0.7435897435897436,1.0,1.0,1.0,1.0,0.0,1.0,0.0,0
0.3333333333333333,0.6132949326691052,0.2632298941608467,0.5304212168486739,0.7435897435897436,1.0,1.0,1.0,0.0,0.0,1.0,0.0,1
0.0,0.12430917723982243,0.0,0.1840873634945398,0.7435897435897436,1.0,1.0,0.0,0.0,0.0,1.0,0.0,1
0.0,0.04221478425572763,0.8120815033479732,0.12636505460218408,0.7435897435897436,1.0,1.0,0.0,0.0,0.0,0.0,1.0,1
0.0,0.18694377416257996,0.06856745146038831,0.1591263650546022,0.0,0.8295964125560538,1.0,1.0,0.0,0.0,0.0,1.0,0
0.3333333333333333,0.1744376118938272,0.04303165574675403,0.1684867394695788,0.7435897435897436,1.0,1.0,0.0,0.0,0.0,0.0,1.0,0
0.0,0.0766715964816688,0.05083159334725322,0.1482059282371295,0.7435897435897436,1.0,1.0,1.0,0.0,0.0,1.0,0.0,0
0.0,0.16094548662463337,0.0,0.1653666146645866,0.7435897435897436,1.0,0.0,0.0,0.0,0.0,1.0,0.0,0
0.3333333333333333,0.141537583352793,0.0,0.1669266770670827,0.7435897435897436,1.0,1.0,1.0,0.0,0.0,1.0,0.0,0
0.0,0.09924495991282004,0.0,0.13884555382215288,0.7435897435897436,1.0,1.0,0.0,0.0,0.0,1.0,0.0,0
0.6666666666666666,0.13313095145429532,0.0,0.1575663026521061,0.7435897435897436,0.0,1.0,0.0,0.0,0.0,0.0,0.0,1
0.0,0.040346643833839256,0.07041543667650658,0.1310452418096724,0.7435897435897436,0.0,1.0,1.0,1.0,0.0,0.0,1.0,1
0.3333333333333333,0.08461119327469441,0.03599971200230398,0.1622464898595944,0.358974358974359,0.0,1.0,1.0,1.0,0.0,0.0,0.0,1
0.0,0.12420539166082861,0.06758345933232535,0.1622464898595944,0.7435897435897436,0.8295964125560538,0.0,1.0,0.0,0.0,1.0,0.0,0
0.6666666666666666,0.1691964401546404,0.057191542467660256,0.1840873634945398,0.7435897435897436,0.8295964125560538,0.0,1.0,0.0,0.0,1.0,0.0,0
0.3333333333333333,0.09063075685633473,0.03700770393836849,0.2823712948517941,0.7435897435897436,0.8295964125560538,1.0,0.0,1.0,1.0,1.0,0.0,1
0.0,0.26089099919566155,0.10399116807065543,0.1731669266770671,0.358974358974359,1.0,1.0,0.0,0.0,1.0,0.0,1.0,1
0.3333333333333333,0.3662333618743673,0.05399956800345597,0.26677067082683303,0.7435897435897436,1.0,1.0,1.0,0.0,0.0,0.0,1.0,0
0.0,0.7901974520640351,0.0,0.28549141965678626,0.7435897435897436,0.0,1.0,0.0,0.0,1.0,0.0,1.0,1
0.3333333333333333,0.05145170078617572,0.07019943840449276,0.1622464898595944,0.7435897435897436,1.0,1.0,1.0,0.0,0.0,0.0,1.0,1
0.0,0.12389403492384723,0.0,0.1232449297971919,0.7036858974358975,1.0,0.0,0.0,0.0,0.0,0.0,1.0,0
1.0,0.15409563841104265,0.0,0.21094484371341027,0.358974358974359,1.0,1.0,1.0,1.0,0.0,0.0,1.0,1
0.0,0.3793622376170828,0.0,0.42277691107644305,0.7435897435897436,1.0,0.0,0.0,0.0,0.0,1.0,0.0,0
0.0,0.17059754547105666,0.0,0.18876755070202808,0.7435897435897436,0.8295964125560538,1.0,1.0,0.0,0.0,1.0,0.0,0
0.3333333333333333,0.3037025505306035,0.0,0.29797191887675506,0.7435897435897436,1.0,1.0,1.0,0.0,0.0,1.0,0.0,0
1.0,0.12337510702887824,0.05999952000383997,0.1778471138845554,0.7435897435897436,0.0,1.0,1.0,0.0,0.0,0.0,0.0,1
0.6666666666666666,0.5393996004255205,0.027023783809729522,0.3369734789391576,0.7435897435897436,1.0,1.0,1.0,0.0,0.0,0.0,1.0,0
0.0,0.15321346098959537,0.06074351405188758,0.07176287051482061,0.7435897435897436,1.0,1.0,0.0,1.0,0.0,0.0,0.0,0
0.6666666666666666,0.1502036791987752,0.0,0.1794071762870515,0.7435897435897436,1.0,1.0,1.0,1.0,0.0,1.0,0.0,0
0.0,0.16312498378350315,0.0,0.054602184087363496,0.7435897435897436,1.0,0.0,0.0,0.0,0.0,1.0,0.0,0
0.0,0.23587867465815604,0.051407588739290085,0.25897035881435254,0.7435897435897436,1.0,1.0,1.0,0.0,0.0,0.0,0.0,1
0.6666666666666666,0.29462131236864614,0.04199966400268798,0.34477379095163807,0.6153846153846154,1.0,1.0,1.0,0.0,0.0,1.0,0.0,0
0.6666666666666666,0.2468799460314987,0.0,0.28549141965678626,0.7435897435897436,1.0,1.0,1.0,0.0,0.0,0.0,1.0,0
0.3333333333333333,0.49248851872032345,0.09239926080591356,0.2355694227769111,0.358974358974359,0.0,1.0,1.0,0.0,1.0,0.0,1.0,1
0.0,0.061778365896058694,0.026999784001727985,0.21094484371341027,0.7435897435897436,1.0,1.0,1.0,0.0,0.0,0.0,1.0,0
0.0,0.07060014011053159,0.08001535987712098,0.2542901716068643,0.7435897435897436,1.0,1.0,1.0,0.0,0.0,1.0,0.0,0
0.6666666666666666,0.3620819387146153,0.0,0.29797191887675506,0.7435897435897436,1.0,1.0,1.0,0.0,0.0,1.0,0.0,0
0.0,0.0766715964816688,0.47999616003071977,0.1466458658346334,0.7435897435897436,1.0,1.0,0.0,0.0,0.0,1.0,0.0,0
0.0,0.07267585169040755,0.012119903040775674,0.18876755070202808,0.7435897435897436,1.0,0.0,1.0,0.0,0.0,1.0,0.0,0
0.6666666666666666,0.11086894476012549,0.01106391148870809,0.1544461778471139,0.15384615384615388,1.0,1.0,1.0,0.0,0.0,0.0,1.0,0
0.0,0.07148231753197887,0.044711642306861546,0.1482059282371295,0.7435897435897436,0.0,0.0,0.0,0.0,0.0,0.0,1.0,1
0.0,0.2582963597208166,0.0,0.2043681747269891,0.7435897435897436,1.0,1.0,0.0,0.0,0.0,0.0,0.0,0
0.0,0.00012973197374224754,0.13199894400844794,0.32293291731669266,0.7435897435897436,0.8295964125560538,1.0,1.0,0.0,0.0,0.0,0.0,0
0.0,0.7036921719727038,0.0,0.6661466458658346,0.7435897435897436,1.0,1.0,1.0,0.0,0.0,1.0,0.0,0
0.6666666666666666,0.06676007368776105,0.030119759041927666,0.1809672386895476,0.7435897435897436,0.0,1.0,1.0,1.0,0.0,0.0,0.0,1
0.3333333333333333,0.04854570457434936,0.058463532291741664,0.1903276131045242,0.7435897435897436,1.0,1.0,1.0,1.0,0.0,0.0,0.0,0
0.6666666666666666,0.28631846604914224,0.0,0.30577223088923555,0.7435897435897436,1.0,1.0,1.0,0.0,0.0,1.0,0.0,0
0.0,0.16312498378350315,0.0,0.1669266770670827,0.7435897435897436,0.0,0.0,0.0,0.0,0.0,1.0,0.0,1
0.3333333333333333,0.21631509301782498,0.0,0.1918876755070203,0.7435897435897436,1.0,0.0,0.0,1.0,0.0,1.0,0.0,0
0.3333333333333333,0.2898471757349314,0.0,0.1996879875195008,0.358974358974359,1.0,1.0,1.0,1.0,0.0,0.0,1.0,0
0.0,0.1336498793492643,0.030887752897976815,0.1419656786271451,0.7435897435897436,1.0,1.0,0.0,1.0,0.0,0.0,0.0,1
0.0,0.14719389740795505,0.07919936640506876,0.2074882995319813,0.358974358974359,1.0,1.0,1.0,0.0,0.0,0.0,0.0,0
0.0,0.5696530967022129,0.0,0.24180967238689546,0.7435897435897436,1.0,1.0,0.0,0.0,0.0,1.0,0.0,1
0.6666666666666666,0.2064035702239172,0.0,0.0982839313572543,0.7435897435897436,0.0,1.0,1.0,0.0,0.0,1.0,0.0,1
0.6666666666666666,0.1838820995822629,0.0,0.1419656786271451,0.7435897435897436,1.0,1.0,1.0,0.0,0.0,0.0,1.0,1
0.0,0.09146104148828513,0.048383612931096553,0.1575663026521061,0.7435897435897436,1.0,1.0,1.0,0.0,0.0,0.0,0.0,0
0.0,0.08097869800991145,0.050759593923248615,0.1731669266770671,0.7435897435897436,0.8295964125560538,1.0,1.0,0.0,0.0,0.0,1.0,0
0.0,0.061778365896058694,0.0,0.08892355694227769,0.7435897435897436,1.0,0.0,0.0,1.0,0.0,0.0,0.0,0
0.6666666666666666,0.08839936690796807,0.0,0.15132605304212168,0.7435897435897436,0.0,1.0,1.0,0.0,1.0,1.0,0.0,1
0.0,0.4182818297397573,0.0,0.34165366614664583,0.7435897435897436,1.0,1.0,1.0,0.0,0.0,1.0,0.0,0
0.0,0.07428452816481143,0.05599155206758346,0.26833073322932915,0.7435897435897436,0.0,1.0,1.0,1.0,0.0,0.0,1.0,1
1.0,0.24288420124023746,0.0,0.1856474258970359,0.7435897435897436,1.0,1.0,1.0,0.0,0.0,0.0,1.0,0
0.0,0.17236190031395124,0.017663858689130486,0.1216848673946958,0.7435897435897436,1.0,1.0,1.0,1.0,1.0,1.0,0.0,1
0.0,0.24900755040087158,0.0,0.2106084243369735,0.7435897435897436,1.0,1.0,1.0,0.0,0.0,0.0,1.0,0
0.0,0.1264367816091953,0.0,0.0249609984399376,0.2307692307692308,1.0,1.0,1.0,0.0,1.0,1.0,0.0,0
0.0,0.0703406761630471,0.0,0.0,0.7435897435897436,1.0,0.0,0.0,0.0,0.0,0.0,1.0,1
0.0,0.13230066682234493,0.09873521011831905,0.2230889235569423,0.7036858974358975,0.0,1.0,1.0,1.0,0.0,0.0,0.0,1
0.6666666666666666,0.2712695570950414,0.0406796745626035,0.31357254290171604,0.7435897435897436,1.0,1.0,1.0,0.0,0.0,1.0,0.0,0
0.3333333333333333,0.18325938610830012,0.02949576403388773,0.2324492979719189,0.7435897435897436,1.0,1.0,1.0,1.0,0.0,0.0,1.0,0
0.0,0.09057886406683785,0.04679962560299518,0.2277691107644306,0.7435897435897436,1.0,1.0,1.0,0.0,0.0,0.0,0.0,0
0.3333333333333333,0.4572014218624319,0.043991648066815464,0.2698907956318253,0.358974358974359,1.0,1.0,1.0,0.0,1.0,0.0,1.0,0
0.0,0.2009548273267428,0.0,0.1450858034321373,0.7435897435897436,1.0,1.0,0.0,0.0,0.0,1.0,0.0,0
0.0,0.19825640227290403,0.09134326925384598,0.2215288611544462,0.7435897435897436,1.0,1.0,0.0,0.0,0.0,1.0,0.0,0
1.0,0.16909265457564657,0.0,0.1419656786271451,0.7435897435897436,1.0,1.0,1.0,0.0,0.0,0.0,1.0,0
0.6666666666666666,0.04854570457434936,0.0349437204502364,0.0795631825273011,0.6153846153846154,0.8295964125560538,1.0,1.0,1.0,0.0,0.0,1.0,0
0.0,0.11450144002490845,0.06573547411620707,0.1575663026521061,0.7435897435897436,1.0,1.0,0.0,0.0,0.0,0.0,1.0,0
0.0,0.11559118860434334,0.0,0.25117004680187205,0.7435897435897436,1.0,1.0,1.0,0.0,0.0,0.0,0.0,1
0.3333333333333333,0.23068939570846614,0.02476780185758514,0.0265210608424337,0.7435897435897436,1.0,1.0,1.0,0.0,0.0,1.0,0.0,0
0.0,0.2726706624114577,0.0,0.1700468018720749,0.7435897435897436,0.0,1.0,0.0,0.0,0.0,0.0,0.0,1
0.3333333333333333,0.044498066993591205,0.0,0.0811232449297972,0.7435897435897436,0.8295964125560538,1.0,1.0,0.0,0.0,0.0,0.0,1
0.6666666666666666,0.11055758802314408,0.03743970048239614,0.1950078003120125,0.7435897435897436,1.0,1.0,1.0,0.0,0.0,0.0,1.0,0
0.0,0.10329259749357819,0.07279141766865865,0.1341653666146646,0.6153846153846154,0.8295964125560538,1.0,1.0,0.0,0.0,0.0,1.0,0
0.6666666666666666,0.2266936509172049,0.0,0.18876755070202808,0.7435897435897436,1.0,1.0,1.0,0.0,0.0,0.0,1.0,0
0.3333333333333333,0.2559611841934561,0.13499892000863994,0.47737909516380655,0.7435897435897436,1.0,1.0,1.0,0.0,0.0,0.0,1.0,0
0.0,0.0766715964816688,0.0,0.1310452418096724,0.7435897435897436,0.8295964125560538,0.0,0.0,0.0,1.0,0.0,1.0,0
1.0,0.17225811473495745,0.004535963712290302,0.1794071762870515,0.7435897435897436,1.0,1.0,1.0,0.0,0.0,1.0,0.0,0
0.6666666666666666,0.3404426454944083,0.0,0.27769110764430577,0.7435897435897436,1.0,1.0,1.0,0.0,0.0,0.0,1.0,0
0.3333333333333333,0.18907137853195283,0.0,0.1965678627145086,0.7435897435897436,1.0,0.0,1.0,0.0,0.0,0.0,1.0,0
0.6666666666666666,0.2064035702239172,0.08800729594163247,0.3541341653666147,0.7435897435897436,1.0,1.0,1.0,0.0,0.0,1.0,0.0,0
0.0,0.11081705197062858,0.07327141382868937,0.12480499219968799,0.7435897435897436,1.0,1.0,0.0,0.0,0.0,0.0,0.0,0
0.0,0.12430917723982243,0.0,0.1965678627145086,0.7435897435897436,1.0,0.0,0.0,0.0,0.0,0.0,0.0,1
0.0,0.07527049116525253,0.044231646146830825,0.234009360374415,0.7435897435897436,1.0,1.0,1.0,0.0,0.0,0.0,0.0,1
0.6666666666666666,0.16317687657300003,0.03472772217822257,0.2324492979719189,0.7435897435897436,1.0,1.0,1.0,0.0,0.0,0.0,0.0,0
0.3333333333333333,0.5437067019537631,0.0,0.43213728549141966,0.7435897435897436,0.0,0.0,1.0,0.0,1.0,0.0,1.0,1
0.6666666666666666,0.13100334708492245,0.0,0.1107644305772231,0.7435897435897436,0.0,1.0,0.0,0.0,0.0,0.0,0.0,1
0.6666666666666666,0.20240782543265595,0.0,0.2449297971918877,0.7435897435897436,0.0,1.0,0.0,0.0,0.0,1.0,0.0,0
0.0,0.09882981759684484,0.05771953824369405,0.1591263650546022,0.7435897435897436,1.0,1.0,0.0,1.0,0.0,1.0,0.0,0
0.0,0.12908331387353716,0.0,0.1045241809672387,0.7435897435897436,0.0,0.0,0.0,0.0,0.0,0.0,1.0,1
0.0,0.5253366544718607,0.0,0.1981279251170047,0.7435897435897436,1.0,1.0,1.0,0.0,0.0,0.0,1.0,0
0.0,0.08186087543135875,0.045863633090935274,0.1669266770670827,0.7435897435897436,0.0,1.0,1.0,1.0,0.0,1.0,0.0,1
0.0,0.26063153524817706,0.0,0.1653666146645866,0.7435897435897436,0.0,1.0,0.0,1.0,0.0,0.0,0.0,1
0.0,0.11123219428660377,0.04953560371517028,0.1482059282371295,0.7435897435897436,0.0,1.0,1.0,0.0,0.0,0.0,1.0,1
0.0,0.9968864326301854,0.0,0.734789391575663,0.7435897435897436,1.0,1.0,0.0,0.0,0.0,0.0,0.0,1
0.3333333333333333,0.0762564541656936,0.05699954400364797,0.21094484371341027,0.7435897435897436,1.0,1.0,1.0,1.0,0.0,0.0,0.0,0
0.0,0.10350016865156578,0.01591187270501836,0.1450858034321373,0.7435897435897436,0.8295964125560538,0.0,1.0,1.0,0.0,1.0,0.0,0
0.0,0.141537583352793,0.0,0.1622464898595944,1.0000000000000002,1.0,1.0,0.0,0.0,0.0,0.0,1.0,1
0.3333333333333333,0.3776497755636851,0.0,0.2230889235569423,0.6153846153846154,0.0,1.0,1.0,0.0,0.0,1.0,0.0,1
0.6666666666666666,0.1346358423497054,0.0,0.1528861154446178,0.7435897435897436,1.0,1.0,0.0,0.0,0.0,1.0,0.0,0
0.0,0.09831088970187585,0.01286389708882329,0.08892355694227769,0.7435897435897436,1.0,1.0,1.0,1.0,0.0,0.0,0.0,1
0.0,0.13930619340442635,0.07598339213286294,0.2698907956318253,0.7036858974358975,1.0,1.0,1.0,0.0,0.0,0.0,0.0,0
0.0,0.25430061492955536,0.04929560563515492,0.31513260530421217,0.7435897435897436,1.0,1.0,1.0,0.0,0.0,0.0,0.0,0
1.0,0.0,1.0,0.53198127925117,0.358974358974359,0.8295964125560538,0.0,0.0,0.0,0.0,0.0,1.0,1
0.0,0.04309696167717492,0.0681594547243622,0.16380655226209048,0.7435897435897436,1.0,1.0,0.0,0.0,0.0,0.0,0.0,1
0.6666666666666666,0.144132222827638,0.08639930880552955,0.32293291731669266,0.7435897435897436,0.0,1.0,1.0,0.0,0.0,0.0,1.0,1
1.0,0.09986767338678282,0.039935680514555885,0.09516380655226209,0.358974358974359,0.0,1.0,1.0,1.0,0.0,0.0,1.0,1
0.0,0.14651929114449536,0.0,0.1591263650546022,0.7435897435897436,1.0,0.0,0.0,0.0,0.0,1.0,0.0,0
0.0,0.17874471342206985,0.0,0.1731669266770671,0.7435897435897436,0.8295964125560538,1.0,1.0,1.0,0.0,0.0,0.0,0
1.0,0.21937676759814206,0.0,0.1326053042121685,0.7435897435897436,1.0,1.0,1.0,0.0,0.0,0.0,1.0,1
0.0,0.2651981007239042,0.09374325005399957,0.4914196567862714,0.7435897435897436,1.0,1.0,1.0,0.0,0.0,0.0,1.0,0
0.6666666666666666,0.09685789159596267,0.0,0.05616224648985959,0.358974358974359,0.0,1.0,1.0,1.0,0.0,0.0,1.0,1
0.0,0.8895721439505974,0.0,0.1809672386895476,0.7435897435897436,1.0,0.0,0.0,1.0,1.0,0.0,1.0,0
0.0,0.5177603072053135,0.0,0.1154446177847114,0.7435897435897436,1.0,1.0,0.0,0.0,1.0,0.0,1.0,1
0.0,0.07802080900858818,0.04279165766673867,0.2121684867394696,0.7435897435897436,1.0,1.0,0.0,0.0,0.0,0.0,0.0,0
0.6666666666666666,0.16623855115331712,0.024959800321597427,0.1575663026521061,0.7435897435897436,1.0,1.0,1.0,1.0,0.0,0.0,1.0,0
0.3333333333333333,0.0850263355906696,0.17042263661890705,0.42121684867394693,0.358974358974359,1.0,1.0,1.0,1.0,0.0,1.0,0.0,0
0.6666666666666666,0.0766715964816688,0.11039911680706554,0.26053042121684866,0.7435897435897436,1.0,1.0,1.0,0.0,1.0,0.0,0.0,0
0.0,0.20380893074907225,0.0,0.1809672386895476,0.7435897435897436,1.0,1.0,0.0,0.0,0.0,0.0,1.0,0
0.3333333333333333,0.12332321423938133,0.03935968512251902,0.1591263650546022,0.358974358974359,1.0,1.0,1.0,1.0,0.0,0.0,1.0,0
0.0,0.08186087543135875,0.041207670338637294,0.140405616224649,0.6153846153846154,1.0,0.0,0.0,0.0,1.0,1.0,0.0,1
1.0,0.7253314651929109,0.0,0.4539781591263651,0.7435897435897436,1.0,1.0,1.0,0.0,0.0,0.0,0.0,0
0.0,0.08694636880205489,0.0488156094751242,0.17628705148205928,0.7435897435897436,1.0,1.0,1.0,0.0,0.0,1.0,0.0,0
1.0,0.1903686982693753,0.0,0.1419656786271451,0.7435897435897436,1.0,1.0,1.0,0.0,0.0,1.0,0.0,0
0.6666666666666666,0.0530603772605796,0.03885568915448676,0.1435257410296412,0.7435897435897436,1.0,1.0,1.0,0.0,0.0,0.0,0.0,0
0.0,0.11491658234088364,0.0,0.0327613104524181,0.7435897435897436,1.0,0.0,0.0,0.0,0.0,0.0,1.0,0
1.0,0.19368983679717688,0.0,0.1341653666146646,0.7036858974358975,0.0,1.0,1.0,1.0,0.0,1.0,0.0,1
0.0,0.10158013544018049,0.049991600067199465,0.1731669266770671,0.7435897435897436,1.0,1.0,0.0,0.0,0.0,0.0,0.0,0
0.0,0.09218754054124173,0.05407156742746058,0.17628705148205928,0.7435897435897436,1.0,1.0,1.0,0.0,0.0,1.0,0.0,0
0.0,0.1026179912301185,0.0,0.08892355694227769,0.7435897435897436,1.0,1.0,1.0,0.0,1.0,0.0,1.0,0
0.0,0.11527983186736193,0.0,0.1107644305772231,0.7435897435897436,1.0,0.0,0.0,0.0,0.0,0.0,1.0,0
0.6666666666666666,0.09986767338678282,0.03847169222646219,0.21094484371341027,0.7435897435897436,1.0,1.0,1.0,0.0,0.0,0.0,1.0,1
1.0,0.176098181157728,0.029999760001919985,0.1575663026521061,0.7435897435897436,1.0,1.0,1.0,0.0,0.0,0.0,1.0,0
0.0,0.17007861757608767,0.04833561331509348,0.28861154446177845,0.7435897435897436,1.0,1.0,1.0,1.0,0.0,0.0,0.0,0
0.2515592515592515,0.6552761993720968,0.0,0.21094484371341027,0.7435897435897436,1.0,1.0,1.0,0.0,0.0,0.0,1.0,0
0.0,0.26000882177421425,0.0,0.2355694227769111,0.7435897435897436,1.0,1.0,1.0,1.0,0.0,0.0,1.0,1
0.3333333333333333,0.16312498378350315,0.08085535315717474,0.2995319812792512,0.7435897435897436,0.8295964125560538,1.0,1.0,0.0,0.0,0.0,1.0,1
0.6666666666666666,0.029968085934459383,0.47999616003071977,0.35881435257410293,0.7435897435897436,1.0,1.0,1.0,0.0,1.0,0.0,1.0,1
0.0,0.17013051036558458,0.0,0.1700468018720749,0.7435897435897436,1.0,1.0,1.0,0.0,0.0,0.0,1.0,0
0.0,0.09037129290885024,0.03501571987424101,0.1575663026521061,0.7435897435897436,1.0,0.0,0.0,0.0,0.0,0.0,1.0,0
0.0,0.10796294854829913,0.031199750401996785,0.1107644305772231,0.7435897435897436,1.0,1.0,1.0,0.0,0.0,0.0,1.0,0
0.0,0.4639474844970288,0.0,0.26677067082683303,0.7435897435897436,1.0,1.0,1.0,0.0,1.0,0.0,0.0,0
0.0,0.3444383902856695,0.0,0.1482059282371295,0.7435897435897436,0.0,1.0,1.0,1.0,0.0,0.0,1.0,1
0.0,0.141537583352793,0.0,0.1419656786271451,0.7435897435897436,1.0,1.0,0.0,0.0,0.0,0.0,1.0,0
1.0,0.0852857995381541,0.049991600067199465,0.1341653666146646,0.7435897435897436,1.0,1.0,1.0,0.0,0.0,0.0,0.0,0
0.6666666666666666,0.11989829013258599,0.047999616003071975,0.140405616224649,0.7435897435897436,0.8295964125560538,1.0,1.0,1.0,0.0,1.0,0.0,0
1.0,0.3153784281674059,0.0,0.1809672386895476,0.10256410256410257,1.0,1.0,1.0,1.0,1.0,0.0,1.0,0
0.3333333333333333,0.06183025868555559,0.03355173158614731,0.11856474258970359,0.7435897435897436,0.8295964125560538,1.0,1.0,0.0,0.0,0.0,1.0,0
0.2515592515592515,0.14480682909109768,0.0,0.1669266770670827,0.358974358974359,1.0,0.0,0.0,0.0,0.0,0.0,1.0,0
0.6666666666666666,0.1752678965257776,0.0,0.1840873634945398,0.7435897435897436,0.0,1.0,1.0,0.0,0.0,1.0,0.0,1
0.0,0.07148231753197887,0.0,0.10296411856474261,0.7435897435897436,0.8295964125560538,1.0,1.0,0.0,0.0,0.0,1.0,0
0.0,0.11206247891855417,0.07000743994048048,0.2371294851794072,0.7435897435897436,1.0,1.0,0.0,0.0,0.0,0.0,1.0,0
0.0,0.8427648478243942,0.0,0.3369734789391576,0.7435897435897436,1.0,0.0,0.0,1.0,1.0,1.0,0.0,0
0.0,0.2988765211073919,0.0,0.21094484371341027,0.7435897435897436,0.8295964125560538,1.0,0.0,0.0,0.0,0.0,1.0,1
0.3333333333333333,0.12425728445032552,0.04199966400268798,0.27613104524180965,0.7435897435897436,1.0,1.0,1.0,0.0,0.0,0.0,1.0,0
0.3333333333333333,0.3510287745517757,0.0,0.36037441497659906,0.7435897435897436,1.0,1.0,1.0,0.0,1.0,0.0,1.0,0
0.3333333333333333,0.36581821955839205,0.005759953920368637,0.38065522620904835,0.7435897435897436,1.0,1.0,1.0,0.0,0.0,0.0,1.0,0
0.3333333333333333,0.465867517708414,0.0,0.2277691107644306,0.7435897435897436,1.0,1.0,1.0,0.0,1.0,0.0,0.0,1
0.0,0.06800550063568661,0.03482372141022872,0.1450858034321373,1.0000000000000002,0.0,1.0,0.0,1.0,0.0,0.0,1.0,1
0.6666666666666666,0.4307360992190132,0.18895048839609282,0.5787831513260531,0.6153846153846154,1.0,1.0,1.0,0.0,1.0,0.0,0.0,0
0.0,0.08186087543135875,0.04079967360261118,0.1528861154446178,0.7435897435897436,1.0,1.0,1.0,1.0,0.0,0.0,0.0,0
0.0,0.2064035702239172,0.060983512131902944,0.2215288611544462,1.0000000000000002,1.0,0.0,0.0,0.0,0.0,0.0,0.0,1
0.3333333333333333,0.15726109857035353,0.058223534211726304,0.2324492979719189,0.7435897435897436,0.0,1.0,0.0,1.0,1.0,0.0,1.0,1
0.0,0.12337510702887824,0.0,0.1341653666146646,0.7435897435897436,1.0,0.0,0.0,1.0,0.0,0.0,0.0,1
1.0,0.44012869411795197,0.0,0.41497659906396256,0.7435897435897436,1.0,1.0,1.0,0.0,0.0,0.0,0.0,0
1.0,0.2793648322565577,0.0,0.2199687987519501,0.7435897435897436,1.0,1.0,1.0,0.0,0.0,1.0,0.0,1
0.3333333333333333,0.8118367452842422,0.05399956800345597,0.12012480499219971,0.7435897435897436,1.0,1.0,1.0,0.0,1.0,1.0,0.0,0
0.0,0.11159544381308209,0.07250341997264022,0.1996879875195008,0.7435897435897436,1.0,1.0,1.0,0.0,0.0,0.0,1.0,0
0.0,0.11341169144547356,0.07358341133270933,0.2542901716068643,0.7435897435897436,1.0,1.0,1.0,0.0,0.0,0.0,1.0,0
0.6666666666666666,0.05233387820762301,0.039167686658506735,0.1622464898595944,1.0000000000000002,1.0,0.0,1.0,0.0,0.0,1.0,0.0,0
0.0,0.12161075218598366,0.05279957760337917,0.1965678627145086,0.7435897435897436,1.0,1.0,1.0,0.0,0.0,0.0,0.0,1
0.3333333333333333,0.13723048182455036,0.0,0.1622464898595944,0.358974358974359,1.0,1.0,0.0,0.0,0.0,0.0,1.0,0
0.0,0.465867517708414,0.03998368013055895,0.3369734789391576,0.7435897435897436,1.0,0.0,0.0,0.0,0.0,0.0,0.0,1
0.0,0.07578941906022152,0.059183526531787746,0.12636505460218408,0.358974358974359,0.0,1.0,1.0,0.0,0.0,0.0,0.0,0
0.6666666666666666,0.18834487947899625,0.0,0.1575663026521061,0.7435897435897436,1.0,1.0,1.0,1.0,0.0,0.0,0.0,0
0.0,0.1026179912301185,0.03998368013055895,0.1419656786271451,1.0000000000000002,0.0,1.0,1.0,1.0,0.0,0.0,1.0,1
0.0,0.4307360992190132,0.0,0.10296411856474261,0.358974358974359,1.0,1.0,1.0,0.0,0.0,0.0,1.0,0
0.0,0.4309955631664977,0.0,0.2792511700468019,0.358974358974359,1.0,1.0,1.0,0.0,0.0,0.0,0.0,0
0.0,0.17007861757608767,0.0,0.1981279251170047,0.7435897435897436,0.0,0.0,0.0,0.0,0.0,1.0,0.0,1
0.0,0.12856438597856817,0.0,0.11232449297971919,0.6153846153846154,1.0,1.0,0.0,0.0,0.0,1.0,0.0,0
0.0,0.24407773539866617,0.11027911776705786,0.38845553822152884,0.7435897435897436,1.0,1.0,1.0,0.0,0.0,1.0,0.0,1
0.0,0.2494226927168468,0.0,0.20124804992199688,0.7435897435897436,1.0,1.0,1.0,0.0,0.0,0.0,0.0,0
0.6666666666666666,0.35938351366077653,0.1719826241390069,0.734789391575663,0.7435897435897436,1.0,1.0,1.0,0.0,1.0,0.0,0.0,0
0.0,0.09893360317583863,0.05599155206758346,0.202808112324493,0.7435897435897436,1.0,0.0,1.0,0.0,0.0,1.0,0.0,0
0.0,0.08289873122129673,0.0533515731874145,0.2199687987519501,0.7435897435897436,1.0,1.0,1.0,0.0,0.0,1.0,0.0,0
0.0,0.07350613632235795,0.07999136006911944,0.187207488299532,0.7435897435897436,1.0,1.0,1.0,0.0,0.0,0.0,0.0,0
0.3333333333333333,0.7036921719727038,0.0,0.2745709828393136,0.358974358974359,1.0,1.0,1.0,0.0,0.0,0.0,0.0,0
0.0,0.15181235567317908,0.041591667266661865,0.21840873634945399,0.7435897435897436,0.0,1.0,1.0,0.0,0.0,0.0,0.0,1
0.0,0.1756830388417528,0.0,0.1731669266770671,0.7435897435897436,1.0,0.0,0.0,1.0,0.0,1.0,0.0,0
0.0,0.19913857969435128,0.01991984064127487,0.1809672386895476,0.7435897435897436,1.0,1.0,1.0,0.0,0.0,1.0,0.0,0
0.0,0.15414753120053956,0.07857537139702882,0.30889235569422774,0.7435897435897436,1.0,1.0,1.0,0.0,0.0,1.0,0.0,0
0.0,0.14584468488103566,0.0,0.1575663026521061,0.7435897435897436,1.0,1.0,0.0,1.0,0.0,0.0,0.0,0
0.3333333333333333,0.03126540567188187,0.04327165382676939,0.1357254290171607,0.7435897435897436,1.0,1.0,1.0,0.0,0.0,0.0,1.0,0
1.0,0.22020705223009246,0.042575659394724845,0.27769110764430577,0.7435897435897436,1.0,1.0,1.0,0.0,1.0,1.0,0.0,0
0.3333333333333333,0.08186087543135875,0.0,0.2355694227769111,0.7435897435897436,1.0,0.0,0.0,0.0,0.0,0.0,1.0,1
0.0,0.057834513894294344,0.21551827585379318,0.1996879875195008,0.7435897435897436,0.0,0.0,0.0,0.0,0.0,1.0,0.0,0
0.6666666666666666,0.133805557717755,0.03815969472244222,0.21094484371341027,0.7435897435897436,1.0,1.0,1.0,1.0,0.0,0.0,0.0,0
0.0,0.08097869800991145,0.05659154726762186,0.1731669266770671,0.7435897435897436,1.0,1.0,1.0,1.0,0.0,0.0,1.0,0
0.3333333333333333,0.2582963597208166,0.0,0.2355694227769111,0.7435897435897436,0.8295964125560538,1.0,1.0,0.0,0.0,0.0,0.0,0
0.3333333333333333,0.23234996497236693,0.030239758081935346,0.25117004680187205,0.7435897435897436,1.0,1.0,1.0,0.0,0.0,0.0,0.0,0
0.0,0.15451078072701785,0.05999952000383997,0.2043681747269891,0.7435897435897436,1.0,1.0,0.0,0.0,0.0,0.0,0.0,0
0.0,0.11195869333956038,0.0,0.09672386895475821,0.7435897435897436,0.0,0.0,0.0,0.0,0.0,0.0,1.0,1
0.0,0.7088814509223939,0.050399596803225574,0.46021840873634945,0.7435897435897436,1.0,1.0,1.0,0.0,0.0,0.0,0.0,1
0.0,0.18834487947899625,0.08599131206950344,0.21094484371341027,0.7435897435897436,1.0,1.0,1.0,0.0,0.0,1.0,0.0,0
0.3333333333333333,0.6351417970472998,0.0,0.0483619344773791,0.7435897435897436,1.0,0.0,0.0,0.0,0.0,0.0,1.0,0
0.2515592515592515,0.10645805765288904,0.04319965440276478,0.1778471138845554,0.7435897435897436,0.0,1.0,1.0,1.0,0.0,1.0,0.0,1
0.0,0.1428349030902155,0.0,0.1575663026521061,0.7435897435897436,1.0,1.0,1.0,0.0,0.0,1.0,0.0,0
1.0,1.0,0.0,0.9219968798751951,0.358974358974359,0.0,1.0,1.0,0.0,0.0,1.0,0.0,0
0.3333333333333333,0.3335927972808176,0.0,0.21094484371341027,0.7435897435897436,1.0,0.0,0.0,0.0,1.0,1.0,0.0,0
0.0,0.2424690589242623,0.10000719994240047,0.25897035881435254,0.7435897435897436,1.0,1.0,1.0,0.0,0.0,1.0,0.0,0
1.0,0.24153498871331808,0.034175726594187245,0.1419656786271451,0.7435897435897436,1.0,1.0,1.0,0.0,1.0,0.0,0.0,0
0.0,0.20209646869567455,0.0,0.18876755070202808,0.7435897435897436,0.0,1.0,0.0,0.0,0.0,0.0,0.0,0
0.6666666666666666,0.018447886666147724,0.04514363885088919,0.24648985959438377,0.7435897435897436,1.0,0.0,1.0,0.0,0.0,0.0,1.0,1
0.0,0.10713266391634874,0.053039575683394534,0.1981279251170047,0.7435897435897436,0.0,1.0,1.0,0.0,0.0,1.0,0.0,1
0.0,0.16281362704652175,0.0,0.09672386895475821,0.7435897435897436,1.0,0.0,0.0,0.0,0.0,1.0,0.0,0
0.0,0.7834513894294383,0.0,0.391575663026521,0.7435897435897436,1.0,1.0,1.0,0.0,1.0,0.0,1.0,0
0.0,0.3914532575698604,0.0,0.31357254290171604,0.7435897435897436,1.0,1.0,0.0,0.0,0.0,0.0,1.0,0
0.0,0.05757504994680985,0.038183694530443756,0.1357254290171607,0.7435897435897436,1.0,1.0,1.0,0.0,0.0,1.0,0.0,0
0.3333333333333333,0.22368386912638472,0.027143782849737202,0.27613104524180965,0.7435897435897436,0.8295964125560538,1.0,1.0,1.0,0.0,0.0,1.0,0
0.6666666666666666,0.10038660128175181,0.0,0.11232449297971919,0.7435897435897436,1.0,1.0,1.0,0.0,0.0,1.0,0.0,0
0.6666666666666666,0.1912508756908226,0.033287733698130414,0.2199687987519501,0.7435897435897436,1.0,1.0,1.0,0.0,0.0,1.0,0.0,0
0.0,0.2712695570950414,0.0,0.1856474258970359,0.7435897435897436,1.0,1.0,1.0,0.0,0.0,1.0,0.0,0
0.6666666666666666,0.2549233284035181,0.0,0.1934477379095164,0.7435897435897436,1.0,1.0,1.0,0.0,0.0,1.0,0.0,0
0.0,0.16385148283645973,0.05534355725154199,0.2698907956318253,0.7435897435897436,1.0,0.0,1.0,0.0,0.0,1.0,0.0,0
1.0,0.04190342751874624,0.0,0.21094484371341027,0.7435897435897436,0.0,0.0,0.0,1.0,0.0,0.0,1.0,1
0.6666666666666666,0.2582963597208166,0.0,0.30577223088923555,0.4871794871794872,1.0,1.0,1.0,0.0,1.0,1.0,0.0,1
0.0,0.10650995044238595,0.05798353613171095,0.202808112324493,0.7435897435897436,1.0,1.0,1.0,0.0,0.0,0.0,0.0,0
0.6666666666666666,0.11730365065774101,0.04883960928312574,0.2168486739469579,0.7435897435897436,1.0,1.0,1.0,0.0,0.0,0.0,1.0,0
0.0,0.04138449962377725,0.04125566995464036,0.1419656786271451,0.7435897435897436,1.0,1.0,1.0,0.0,0.0,0.0,1.0,0
0.0,0.041799641939752434,0.03191974464204286,0.1419656786271451,0.7036858974358975,0.0,1.0,1.0,0.0,0.0,0.0,1.0,1
0.0,0.1421602968267558,0.03998368013055895,0.1965678627145086,0.7435897435897436,1.0,0.0,0.0,0.0,0.0,0.0,0.0,0
0.0,0.06613736021379824,0.036527707778337776,0.1482059282371295,0.7435897435897436,1.0,1.0,1.0,0.0,0.0,0.0,1.0,0
0.0,0.16312498378350315,0.17303861569107448,0.27301092043681746,0.7435897435897436,1.0,1.0,0.0,0.0,0.0,0.0,1.0,0
0.3333333333333333,0.10531641628395724,0.024719802241582066,0.1419656786271451,0.7435897435897436,1.0,1.0,1.0,0.0,0.0,0.0,1.0,0
0.0,0.06784982226719591,0.10766313869489044,0.1419656786271451,0.7435897435897436,1.0,0.0,1.0,0.0,0.0,1.0,0.0,0
0.0,0.10708077112685183,0.0,0.1731669266770671,0.7435897435897436,1.0,0.0,0.0,0.0,0.0,1.0,0.0,0
0.3333333333333333,0.1259697465037232,0.049895600835193316,0.23868954758190328,0.7435897435897436,1.0,1.0,1.0,0.0,1.0,1.0,0.0,0
0.0,0.0766715964816688,0.09110327117383062,0.1731669266770671,0.7435897435897436,1.0,1.0,1.0,0.0,0.0,0.0,1.0,0
0.3333333333333333,0.12757842297812708,0.0,0.2277691107644306,0.05128205128205128,1.0,0.0,0.0,0.0,0.0,1.0,0.0,1
0.6666666666666666,0.15482213746399925,0.03662370701034392,0.2480499219968799,0.7435897435897436,1.0,1.0,1.0,0.0,0.0,0.0,1.0,0
0.0,0.13769751693002247,0.10322317421460628,0.2542901716068643,0.7435897435897436,1.0,1.0,0.0,0.0,0.0,0.0,0.0,0
0.0,0.13852780156197286,0.0,0.1310452418096724,0.7435897435897436,0.8295964125560538,0.0,0.0,0.0,0.0,0.0,0.0,0
0.0,0.06499571884486646,0.04960760313917489,0.21094484371341027,0.7435897435897436,1.0,1.0,1.0,0.0,0.0,0.0,1.0,0
0.0,0.23234996497236693,0.0,0.1497659906396256,0.7435897435897436,0.0,0.0,1.0,0.0,1.0,0.0,0.0,1
0.0,0.07926623595651378,0.049007607939136485,0.1825273010920437,0.7435897435897436,1.0,1.0,0.0,1.0,0.0,0.0,0.0,0
0.6666666666666666,0.264782958407929,0.03899968800249598,0.27769110764430577,1.0000000000000002,1.0,1.0,1.0,1.0,0.0,1.0,0.0,1
0.0,0.06385407747593466,0.04879160966712266,0.1575663026521061,0.7435897435897436,1.0,1.0,1.0,1.0,0.0,0.0,0.0,0
0.0,0.16426662515243493,0.0,0.1653666146645866,0.358974358974359,1.0,1.0,1.0,1.0,0.0,1.0,0.0,0
1.0,0.10754780623232393,0.0,0.1622464898595944,0.7435897435897436,1.0,1.0,1.0,1.0,0.0,0.0,0.0,0
0.0,0.13479152071819608,0.0,0.0249609984399376,0.2307692307692308,1.0,1.0,0.0,1.0,0.0,1.0,0.0,0
0.0,0.13287148750681083,0.0,0.1357254290171607,0.7435897435897436,1.0,1.0,0.0,0.0,0.0,0.0,1.0,1
0.0,0.05928751200020752,0.0,0.09516380655226209,0.7435897435897436,1.0,0.0,0.0,1.0,0.0,1.0,0.0,0
0.0,0.11989829013258599,0.05999952000383997,0.1856474258970359,0.7435897435897436,1.0,1.0,1.0,0.0,0.0,1.0,0.0,0
0.3333333333333333,0.07719052437663779,0.047591619267045866,0.2043681747269891,0.358974358974359,1.0,1.0,1.0,1.0,0.0,0.0,1.0,1
0.0,0.2064035702239172,0.0,0.1918876755070203,0.7435897435897436,1.0,0.0,0.0,0.0,0.0,0.0,0.0,0
0.2515592515592515,0.09395189538413629,0.0,0.09672386895475821,0.7435897435897436,1.0,1.0,0.0,0.0,0.0,0.0,1.0,0
1.0,0.24288420124023746,0.0,0.18876755070202808,0.7435897435897436,1.0,1.0,1.0,1.0,1.0,0.0,0.0,0
0.3333333333333333,0.13069199034794104,0.0,0.1606864274570983,0.7435897435897436,0.8295964125560538,0.0,0.0,0.0,0.0,1.0,0.0,0
0.3333333333333333,0.08964479385589366,0.04420764633882929,0.1653666146645866,0.7435897435897436,1.0,1.0,1.0,0.0,0.0,1.0,0.0,0
1.0,0.43250045406190774,0.0,0.4414976599063962,0.7435897435897436,1.0,1.0,0.0,0.0,1.0,1.0,0.0,0
0.0,0.04589917231000749,0.05675954592363261,0.1731669266770671,0.7036858974358975,1.0,0.0,0.0,1.0,0.0,0.0,1.0,0
0.0,0.05747126436781604,0.1599827201382389,0.09516380655226209,0.358974358974359,1.0,1.0,1.0,0.0,0.0,1.0,0.0,1
0.0,0.2582963597208166,0.0,0.2293291731669267,0.7435897435897436,1.0,0.0,0.0,0.0,0.0,0.0,1.0,0
0.0,0.05373498352403929,0.0512155902752778,0.1232449297971919,0.7435897435897436,0.8295964125560538,1.0,1.0,0.0,0.0,0.0,1.0,0
0.0,0.1335979865597674,0.051767585859313126,0.171606864274571,0.7435897435897436,0.0,1.0,1.0,0.0,0.0,0.0,0.0,1
1.0,0.1911989829013257,0.04783161734706123,0.2168486739469579,0.7435897435897436,1.0,1.0,0.0,1.0,0.0,1.0,0.0,0
0.0,0.05845722736825714,0.07768737850097199,0.26365054602184085,0.7435897435897436,0.0,0.0,1.0,1.0,0.0,1.0,0.0,1
0.0,0.13915051503593565,0.047999616003071975,0.1731669266770671,0.7435897435897436,1.0,1.0,1.0,0.0,0.0,0.0,0.0,0
0.0,0.06971796268908431,0.06074351405188758,0.1981279251170047,0.7435897435897436,1.0,1.0,0.0,0.0,0.0,1.0,0.0,0
0.6666666666666666,0.8044679691756824,0.02433580531355749,0.2199687987519501,0.7435897435897436,1.0,1.0,1.0,0.0,1.0,0.0,0.0,0
0.0,0.2004358994317738,0.0,0.060842433697347896,0.7435897435897436,1.0,1.0,0.0,1.0,0.0,0.0,0.0,0
1.0,0.11128408707610069,0.09599923200614395,0.26677067082683303,0.6153846153846154,0.0,1.0,1.0,0.0,0.0,1.0,0.0,1
0.0,0.18979787758490943,0.05008759929920561,0.21094484371341027,0.7435897435897436,1.0,1.0,0.0,0.0,0.0,1.0,0.0,1
0.0,0.033496795620248536,0.093359253125975,0.2995319812792512,0.7435897435897436,0.0,1.0,1.0,1.0,0.0,1.0,0.0,1
0.3333333333333333,0.1691964401546404,0.07199942400460796,0.2542901716068643,0.15384615384615388,1.0,1.0,1.0,0.0,0.0,0.0,0.0,1
0.0,0.1507226070937442,0.01919984640122879,0.1606864274570983,0.7435897435897436,1.0,1.0,1.0,0.0,0.0,1.0,0.0,0
0.3333333333333333,0.26260346124905926,0.10199918400652795,0.500780031201248,0.7435897435897436,0.8295964125560538,1.0,1.0,0.0,0.0,0.0,1.0,0
0.6666666666666666,0.8550634389351593,0.0,0.609984399375975,0.7435897435897436,1.0,1.0,1.0,0.0,1.0,0.0,0.0,0
0.6666666666666666,0.19939804364183583,0.1349749202006384,0.31045241809672386,0.7435897435897436,1.0,1.0,1.0,0.0,0.0,1.0,0.0,0
1.0,0.10692509275836112,0.0,0.38377535101404053,0.7435897435897436,1.0,0.0,0.0,0.0,0.0,0.0,0.0,0
0.0,0.11128408707610069,0.0,0.10140405616224649,0.7435897435897436,1.0,1.0,0.0,0.0,0.0,0.0,1.0,1
0.0,0.0538387691030331,0.053015575875392996,0.1950078003120125,0.7435897435897436,1.0,1.0,0.0,0.0,0.0,1.0,0.0,0
0.0,0.2729820191484391,0.10598315213478292,0.31201248049922,0.7435897435897436,0.0,1.0,0.0,0.0,0.0,0.0,0.0,1
0.0,0.07558184790223393,0.0,0.07800312012480501,0.7435897435897436,1.0,1.0,0.0,0.0,0.0,0.0,1.0,0
0.6666666666666666,0.22804286344412428,0.100703194374445,0.40249609984399376,0.7435897435897436,1.0,1.0,1.0,0.0,1.0,0.0,1.0,0
0.3333333333333333,0.1268000311356736,0.029039767681858546,0.18876755070202808,0.7435897435897436,1.0,1.0,1.0,0.0,1.0,0.0,0.0,0
0.3333333333333333,0.2751615163073089,0.0,0.25897035881435254,0.7435897435897436,1.0,1.0,1.0,0.0,0.0,1.0,0.0,0
0.0,0.26950520225214686,0.0,0.1934477379095164,0.7435897435897436,1.0,1.0,0.0,1.0,0.0,0.0,0.0,1
0.0,0.13847590877247595,0.0,0.1575663026521061,0.7435897435897436,1.0,1.0,0.0,1.0,0.0,0.0,0.0,0
0.0,0.13339041540177982,0.10238318093455252,0.1918876755070203,0.358974358974359,0.0,1.0,1.0,0.0,0.0,0.0,0.0,1
0.3333333333333333,0.13354609377027052,0.0,0.1419656786271451,0.4871794871794872,0.8295964125560538,1.0,0.0,1.0,0.0,0.0,1.0,0
0.0,0.30095223268726784,0.0,0.2059282371294852,0.7435897435897436,1.0,1.0,0.0,0.0,1.0,0.0,0.0,0
0.0,0.2504605485067848,0.0,0.21094484371341027,0.7435897435897436,1.0,1.0,0.0,0.0,0.0,0.0,1.0,0
0.0,0.2582963597208166,0.05399956800345597,0.3993759750390016,0.7435897435897436,0.8295964125560538,1.0,1.0,0.0,0.0,1.0,0.0,1
0.2515592515592515,0.46830647881476833,0.0,0.21094484371341027,0.4871794871794872,1.0,0.0,1.0,0.0,0.0,1.0,0.0,0
0.2515592515592515,0.12975792013699686,0.07751937984496124,0.2230889235569423,0.7435897435897436,0.0,1.0,1.0,1.0,0.0,0.0,0.0,1
0.0,0.465867517708414,0.0,0.31981279251170047,0.7435897435897436,1.0,0.0,0.0,0.0,0.0,1.0,0.0,1
0.0,0.23172725149840412,0.0,0.1809672386895476,0.7435897435897436,1.0,1.0,1.0,0.0,0.0,0.0,0.0,0
0.6666666666666666,0.12026153965906428,0.04103967168262654,0.2199687987519501,0.7435897435897436,0.0,1.0,1.0,0.0,0.0,0.0,0.0,1
0.6666666666666666,0.11678472276277202,0.0436796505627955,0.11232449297971919,0.7435897435897436,1.0,1.0,1.0,1.0,0.0,0.0,1.0,0
0.0,0.04138449962377725,0.042455660354717165,0.1341653666146646,0.7435897435897436,1.0,1.0,1.0,1.0,0.0,0.0,0.0,0
0.0,0.14485872188059457,0.03559171526627787,0.1794071762870515,0.6153846153846154,1.0,1.0,1.0,1.0,0.0,1.0,0.0,0
0.3333333333333333,0.32316234659194076,0.04000767993856049,0.1575663026521061,0.7036858974358975,0.0,1.0,1.0,0.0,0.0,0.0,1.0,1
0.3333333333333333,0.3944630393606805,0.0,0.2199687987519501,0.7435897435897436,1.0,0.0,0.0,0.0,1.0,1.0,0.0,0
0.0,0.993409615733893,0.0,1.0000000000000002,1.0000000000000002,0.8295964125560538,1.0,0.0,0.0,1.0,0.0,1.0,0
0.0,0.0703406761630471,0.0,0.057722308892355696,0.7435897435897436,1.0,0.0,0.0,0.0,0.0,0.0,0.0,1
1.0,0.084299836537713,0.03808769529843761,0.25585023400936036,0.7435897435897436,1.0,1.0,1.0,1.0,0.0,0.0,0.0,1
1.0,0.2150696660698994,0.07600739194086448,0.29797191887675506,0.7435897435897436,1.0,1.0,1.0,0.0,0.0,1.0,0.0,0
0.6666666666666666,0.141537583352793,0.049991600067199465,0.1731669266770671,0.7435897435897436,1.0,0.0,0.0,0.0,0.0,1.0,0.0,0
0.0,0.2790534755195763,0.0,0.29797191887675506,0.7435897435897436,1.0,1.0,0.0,0.0,1.0,0.0,0.0,0
0.0,0.038219039464466385,0.08498332013343893,0.1903276131045242,0.7435897435897436,1.0,1.0,1.0,0.0,0.0,1.0,0.0,0
0.6666666666666666,0.2911444954723539,0.0,0.21094484371341027,0.7435897435897436,0.0,1.0,1.0,0.0,1.0,0.0,0.0,1
0.6666666666666666,0.05036195220674084,0.03899968800249598,0.1622464898595944,0.358974358974359,1.0,1.0,1.0,1.0,0.0,1.0,0.0,0
0.0,0.14864689551386823,0.06405548755609955,0.23868954758190328,0.7435897435897436,1.0,1.0,1.0,0.0,0.0,1.0,0.0,0
0.0,0.11465711839339915,0.04679962560299518,0.1544461778471139,0.7435897435897436,1.0,1.0,1.0,0.0,0.0,0.0,0.0,0
0.0,0.307594509742871,0.0,0.25897035881435254,0.358974358974359,1.0,1.0,0.0,0.0,1.0,1.0,0.0,0
0.0,0.04880516852183386,0.0,0.0686427457098284,0.7435897435897436,1.0,0.0,0.0,1.0,0.0,1.0,0.0,0
0.0,0.07703484600814711,0.0,0.0733229329173167,0.7435897435897436,1.0,0.0,0.0,0.0,0.0,0.0,0.0,0
0.3333333333333333,0.1091045899172309,0.061991504067967454,0.25117004680187205,0.7435897435897436,1.0,1.0,1.0,0.0,0.0,1.0,0.0,1
0.6666666666666666,0.0,0.07000743994048048,0.13884555382215288,0.7435897435897436,1.0,0.0,1.0,1.0,0.0,1.0,0.0,0
0.0,0.08533769232765101,0.03899968800249598,0.1170046801872075,0.7435897435897436,0.8295964125560538,0.0,0.0,0.0,0.0,0.0,1.0,0
0.6666666666666666,0.014348356295892671,0.026063791489668083,0.0124804992199688,0.2307692307692308,1.0,1.0,1.0,0.0,0.0,0.0,1.0,0
0.0,0.16312498378350315,0.0,0.13884555382215288,0.7435897435897436,0.0,1.0,0.0,0.0,0.0,1.0,0.0,1
0.0,0.00012973197374224754,0.06655146758825929,0.1606864274570983,0.7435897435897436,1.0,1.0,1.0,0.0,0.0,0.0,0.0,0
0.3333333333333333,0.15388806725305507,0.0,0.06396255850234009,0.4871794871794872,1.0,1.0,1.0,0.0,0.0,0.0,1.0,0
0.0,0.11299654912949836,0.05409556723546212,0.1825273010920437,0.358974358974359,0.0,1.0,0.0,1.0,0.0,0.0,1.0,1
0.0,0.04698892088944238,0.039455684354525164,0.1419656786271451,0.7435897435897436,1.0,0.0,1.0,1.0,0.0,1.0,0.0,0
0.0,0.3274694481201834,0.0,0.1731669266770671,0.7435897435897436,1.0,1.0,0.0,1.0,0.0,0.0,0.0,1
0.0,0.27557665862328407,0.10999112007103944,0.39001560062402496,0.7435897435897436,0.8295964125560538,1.0,1.0,0.0,0.0,1.0,0.0,0
0.6666666666666666,0.06634493137178585,0.02365901043511652,0.10764430577223089,0.358974358974359,1.0,1.0,1.0,0.0,0.0,0.0,1.0,0
0.0,0.2479178018214367,0.0,0.1918876755070203,0.7435897435897436,1.0,1.0,0.0,1.0,1.0,1.0,0.0,0
0.0,0.2624477828805685,0.06165550675594595,0.2698907956318253,0.7435897435897436,0.8295964125560538,1.0,1.0,0.0,0.0,0.0,0.0,1
0.6666666666666666,0.08746529669702388,0.0280077759377925,0.1372854914196568,0.7435897435897436,1.0,1.0,1.0,0.0,0.0,1.0,0.0,0
1.0,1.0,0.0,0.547581903276131,0.7435897435897436,0.0,1.0,1.0,0.0,0.0,0.0,0.0,1
0.0,0.1934303728496924,0.05599155206758346,0.18876755070202808,0.7435897435897436,1.0,1.0,1.0,0.0,0.0,0.0,1.0,0
0.0,0.11538361744635572,0.034007727938176496,0.20124804992199688,0.7435897435897436,1.0,1.0,1.0,0.0,0.0,1.0,0.0,0
0.0,0.13505098466568058,0.0,0.1544461778471139,0.7435897435897436,1.0,0.0,1.0,0.0,0.0,1.0,0.0,0
0.0,0.8131340650216646,0.0,0.1575663026521061,0.7435897435897436,1.0,1.0,1.0,0.0,0.0,1.0,0.0,0
0.0,0.19057626942736292,0.0,0.1357254290171607,0.7036858974358975,1.0,1.0,1.0,1.0,1.0,0.0,1.0,0
0.0,0.2228016917049374,0.0,0.1981279251170047,0.7435897435897436,1.0,1.0,0.0,0.0,0.0,0.0,1.0,0
0.6666666666666666,0.278171298098129,0.023999808001535988,0.27769110764430577,0.7435897435897436,1.0,1.0,1.0,1.0,1.0,0.0,0.0,1
0.0,0.11123219428660377,0.07163942688458493,0.1918876755070203,0.7435897435897436,0.8295964125560538,0.0,0.0,0.0,0.0,0.0,0.0,0
0.0,0.1828961365818218,0.0,0.1653666146645866,0.7435897435897436,1.0,0.0,0.0,0.0,0.0,1.0,0.0,0
0.0,0.19690718974598465,0.02215182278541772,0.1731669266770671,0.358974358974359,1.0,1.0,1.0,0.0,0.0,0.0,1.0,0
0.0,0.48745491813912417,0.0,0.27769110764430577,0.7435897435897436,0.0,1.0,0.0,0.0,1.0,0.0,1.0,1
0.0,0.2488518720323809,0.05183958528331773,0.27301092043681746,0.7435897435897436,1.0,1.0,1.0,0.0,1.0,1.0,0.0,0
0.0,0.40100153083728984,0.10000719994240047,0.4664586583463338,0.7435897435897436,1.0,1.0,0.0,0.0,0.0,0.0,0.0,1
0.2515592515592515,0.1019433849666588,0.0,0.1232449297971919,0.7435897435897436,0.0,1.0,0.0,0.0,0.0,1.0,0.0,1
0.0,0.2715809138320228,0.0,0.2355694227769111,0.7435897435897436,0.8295964125560538,1.0,1.0,0.0,0.0,0.0,1.0,0
0.0,0.07060014011053159,0.05131158950728394,0.07644305772230889,0.7435897435897436,0.8295964125560538,1.0,1.0,0.0,0.0,0.0,0.0,0
0.0,0.08186087543135875,0.08399932800537596,0.1653666146645866,0.7036858974358975,1.0,1.0,1.0,0.0,0.0,0.0,1.0,0
0.0,0.08798422459199287,0.0,0.09516380655226209,0.7435897435897436,1.0,1.0,0.0,0.0,0.0,1.0,0.0,0
0.6666666666666666,0.18476427700371018,0.049991600067199465,0.2355694227769111,0.7435897435897436,1.0,1.0,1.0,0.0,1.0,1.0,0.0,0
0.0,0.09742871228042854,0.0,0.09672386895475821,0.7435897435897436,1.0,0.0,0.0,0.0,0.0,0.0,0.0,0
0.0,0.2064035702239172,0.0,0.1466458658346334,0.7435897435897436,0.0,0.0,0.0,0.0,0.0,1.0,0.0,1
0.6666666666666666,0.15383617446355816,0.03386372909016728,0.23088923556942278,0.7435897435897436,1.0,1.0,1.0,1.0,0.0,0.0,0.0,0
0.0,0.11123219428660377,0.0,0.0421216848673947,0.7435897435897436,1.0,0.0,1.0,0.0,0.0,1.0,0.0,0
0.0,0.725279572403414,0.0,0.36349453978159124,0.7435897435897436,0.0,1.0,0.0,0.0,0.0,1.0,0.0,1
0.3333333333333333,0.14475493630160077,0.0,0.1606864274570983,0.7435897435897436,1.0,0.0,0.0,0.0,0.0,0.0,0.0,0
0.0,0.487039775823149,0.0,0.39001560062402496,0.7435897435897436,1.0,0.0,0.0,0.0,0.0,0.0,1.0,0
0.0,0.07558184790223393,0.07231142150862793,0.2792511700468019,0.7435897435897436,1.0,1.0,1.0,0.0,1.0,0.0,1.0,0
0.0,0.05503230326146178,0.09799121607027143,0.2355694227769111,0.7435897435897436,0.8295964125560538,1.0,1.0,0.0,1.0,1.0,0.0,0
0.0,0.043615889572143914,0.024983800129598964,0.13884555382215288,0.7435897435897436,1.0,1.0,1.0,1.0,0.0,1.0,0.0,0
0.6666666666666666,0.10692509275836112,0.052031583747330024,0.1825273010920437,0.7435897435897436,1.0,1.0,1.0,1.0,0.0,0.0,1.0,0
0.6666666666666666,0.3793622376170828,0.07600739194086448,0.24336973478939158,0.7435897435897436,1.0,1.0,1.0,0.0,0.0,0.0,0.0,0
0.0,0.07329856516437036,0.0,0.10296411856474261,0.7435897435897436,1.0,1.0,0.0,0.0,0.0,0.0,1.0,1
0.0,0.08232791053683083,0.08277533779729762,0.24336973478939158,0.358974358974359,0.0,1.0,1.0,1.0,1.0,0.0,0.0,1
0.3333333333333333,0.18595781116213886,0.0,0.11232449297971919,0.7435897435897436,1.0,0.0,0.0,1.0,0.0,0.0,0.0,1
0.0,0.14034404919436433,0.042599659202726375,0.1903276131045242,0.7435897435897436,1.0,1.0,1.0,0.0,0.0,1.0,0.0,0
0.0,0.05503230326146178,0.07559939520483837,0.1856474258970359,0.7435897435897436,1.0,1.0,1.0,0.0,0.0,1.0,0.0,0
0.0,0.3205677071170958,0.0,0.1731669266770671,0.7435897435897436,1.0,0.0,0.0,0.0,0.0,0.0,0.0,0
0.0,0.11579875976233092,0.0,0.06396255850234009,0.7435897435897436,1.0,1.0,0.0,0.0,0.0,0.0,1.0,0
0.3333333333333333,0.07620456137619672,0.04929560563515492,0.1482059282371295,0.7435897435897436,1.0,1.0,1.0,0.0,0.0,1.0,0.0,0
0.3333333333333333,0.9580187332970076,0.0,0.9219968798751951,0.7435897435897436,1.0,0.0,1.0,0.0,1.0,1.0,0.0,0
0.0,0.31460003632495237,0.0,0.1170046801872075,0.7435897435897436,1.0,1.0,0.0,0.0,1.0,1.0,0.0,0
0.6666666666666666,0.11901611271113868,0.08399932800537596,0.1232449297971919,0.7435897435897436,1.0,1.0,1.0,0.0,1.0,0.0,1.0,0
0.0,0.02176902519394929,0.0,0.0405616224648986,0.7435897435897436,1.0,1.0,0.0,1.0,0.0,0.0,1.0,1
0.0,0.31755792532627564,0.0,0.20124804992199688,0.7435897435897436,1.0,0.0,1.0,1.0,1.0,0.0,0.0,0
0.0,0.7647180924210576,0.0,0.07176287051482061,0.7435897435897436,1.0,0.0,0.0,0.0,1.0,1.0,0.0,0
0.0,0.12840870761007747,0.04713562291501668,0.1669266770670827,0.7435897435897436,1.0,1.0,1.0,0.0,0.0,0.0,0.0,0
0.6666666666666666,0.12155885939648675,0.04600763193894449,0.1606864274570983,0.7435897435897436,0.0,1.0,1.0,1.0,0.0,0.0,0.0,1
0.0,0.04081367893931135,0.044831641346869226,0.12636505460218408,0.7435897435897436,1.0,1.0,1.0,0.0,0.0,0.0,1.0,0
0.3333333333333333,0.1920292675332761,0.0,0.11232449297971919,0.7435897435897436,1.0,0.0,0.0,0.0,0.0,1.0,0.0,1
0.0,0.07148231753197887,0.052007583939328486,0.1653666146645866,0.7435897435897436,1.0,1.0,1.0,0.0,0.0,1.0,0.0,0
0.0,0.0,0.08839129286965704,0.1622464898595944,1.0000000000000002,1.0,0.0,0.0,0.0,0.0,0.0,0.0,0
0.0,0.0686801068991463,0.03839969280245758,0.1918876755070203,0.7435897435897436,1.0,1.0,0.0,1.0,0.0,1.0,0.0,0
0.3333333333333333,0.24008199060740493,0.0,0.054602184087363496,0.7435897435897436,1.0,1.0,1.0,0.0,0.0,0.0,1.0,0
0.3333333333333333,0.12856438597856817,0.025991792065663474,0.1965678627145086,0.7435897435897436,1.0,1.0,1.0,1.0,0.0,0.0,1.0,0
0.3333333333333333,0.26166939103811504,0.04809561523507812,0.37597503900156004,0.7435897435897436,1.0,1.0,1.0,0.0,0.0,1.0,0.0,0
0.0,0.13686723229807207,0.12153502771977824,0.27769110764430577,0.7435897435897436,1.0,1.0,0.0,0.0,0.0,1.0,0.0,0
1.0,0.10412288212552856,0.0,0.140405616224649,0.7435897435897436,1.0,1.0,1.0,0.0,0.0,0.0,1.0,0
0.3333333333333333,0.5307335045795383,0.0,0.29173166926677063,0.7435897435897436,0.8295964125560538,1.0,0.0,0.0,0.0,1.0,0.0,1
0.0,0.13723048182455036,0.03501571987424101,0.2106084243369735,0.7435897435897436,1.0,0.0,1.0,0.0,0.0,1.0,0.0,0
0.6666666666666666,0.09602760696401227,0.04492764057887537,0.1918876755070203,0.7435897435897436,0.0,1.0,1.0,0.0,0.0,1.0,0.0,1
0.3333333333333333,0.09156482706727892,0.04600763193894449,0.21372854914196568,0.7435897435897436,0.0,1.0,1.0,0.0,0.0,0.0,0.0,1
0.6666666666666666,0.18647673905710788,0.0,0.1950078003120125,0.7435897435897436,1.0,1.0,1.0,0.0,0.0,0.0,1.0,1
0.0,0.1664461223113047,0.0,0.1606864274570983,0.7435897435897436,1.0,0.0,0.0,0.0,0.0,1.0,0.0,1
0.0,1.0,0.0,0.750390015600624,0.358974358974359,1.0,1.0,1.0,0.0,0.0,0.0,1.0,0
0.3333333333333333,0.09618328533250298,0.03743970048239614,0.12636505460218408,0.7435897435897436,1.0,0.0,0.0,0.0,0.0,0.0,1.0,0
0.0,0.07584131184971843,0.05524755801953585,0.1996879875195008,0.7435897435897436,1.0,0.0,1.0,0.0,0.0,1.0,0.0,0
0.0,0.141537583352793,0.11399908800729594,0.26053042121684866,0.7435897435897436,1.0,1.0,0.0,0.0,0.0,0.0,1.0,1
0.0,0.10043849407124872,0.06959944320445437,0.1903276131045242,0.7435897435897436,1.0,1.0,1.0,0.0,0.0,1.0,0.0,0
0.2515592515592515,0.09613139254300607,0.04199966400268798,0.1497659906396256,0.7435897435897436,1.0,1.0,1.0,1.0,0.0,1.0,0.0,0
0.6666666666666666,0.10640616486339213,0.19454244366045073,0.29797191887675506,0.7435897435897436,1.0,1.0,1.0,0.0,0.0,0.0,1.0,0
1.0,0.12493189071378522,0.029999760001919985,0.1856474258970359,0.7435897435897436,0.0,1.0,1.0,0.0,0.0,1.0,0.0,1
0.0,0.1934303728496924,0.0,0.1326053042121685,0.7435897435897436,1.0,1.0,0.0,0.0,0.0,1.0,0.0,0
0.0,0.10619859370540455,0.0,0.09672386895475821,1.0000000000000002,1.0,1.0,0.0,0.0,0.0,0.0,1.0,1
0.3333333333333333,0.09716924833294405,0.0,0.1341653666146646,0.7435897435897436,1.0,1.0,1.0,0.0,1.0,1.0,0.0,0
0.0,0.12368646376585962,0.10600715194278446,0.1778471138845554,0.7435897435897436,1.0,1.0,1.0,1.0,0.0,1.0,0.0,0
0.0,0.08808801017098666,0.0,0.1107644305772231,0.7036858974358975,0.0,0.0,0.0,1.0,0.0,0.0,1.0,1
0.3333333333333333,0.07122285358449437,0.0,0.21094484371341027,0.7435897435897436,1.0,1.0,1.0,0.0,1.0,1.0,0.0,0
0.3333333333333333,0.22119301523053353,0.03431972544219646,0.2371294851794072,0.7435897435897436,0.0,1.0,1.0,1.0,0.0,1.0,0.0,0
0.0,0.11086894476012549,0.0,0.1419656786271451,0.7435897435897436,1.0,0.0,0.0,0.0,0.0,1.0,0.0,0
0.0,0.049531667574790446,0.02392780857753138,0.06396255850234009,0.7435897435897436,1.0,1.0,1.0,0.0,0.0,1.0,0.0,0
0.6666666666666666,0.16488933862639774,0.03431972544219646,0.187207488299532,0.7435897435897436,1.0,1.0,1.0,1.0,0.0,0.0,0.0,1
0.6666666666666666,0.23401053423626766,0.11155110759113927,0.23868954758190328,0.7435897435897436,1.0,1.0,0.0,0.0,0.0,0.0,0.0,0
0.0,1.0,0.16000671994624044,0.734789391575663,0.7435897435897436,0.8295964125560538,1.0,1.0,0.0,0.0,0.0,1.0,0
0.0,0.09395189538413629,0.04456764345885233,0.1825273010920437,0.7435897435897436,1.0,1.0,0.0,0.0,0.0,0.0,0.0,0
0.0,0.18476427700371018,0.0,0.1606864274570983,0.7435897435897436,1.0,0.0,1.0,0.0,0.0,0.0,0.0,1
0.0,0.07148231753197887,0.09119927040583675,0.21094484371341027,0.358974358974359,1.0,1.0,1.0,1.0,0.0,0.0,1.0,1
0.0,0.08419605095871921,0.0825593395252838,0.1731669266770671,0.7435897435897436,0.0,0.0,1.0,0.0,0.0,0.0,1.0,1
0.0,0.3794141304065797,0.0,0.2355694227769111,0.7435897435897436,1.0,1.0,1.0,0.0,0.0,1.0,0.0,1
1.0,1.0,0.0,0.5631825273010921,0.7435897435897436,1.0,1.0,1.0,0.0,0.0,0.0,0.0,0
0.3333333333333333,0.026750732985651622,0.03419972640218878,0.0327613104524181,0.7435897435897436,1.0,1.0,1.0,0.0,0.0,0.0,1.0,0
0.6666666666666666,0.0766715964816688,0.04415964672282622,0.15600624024961,0.7435897435897436,1.0,1.0,1.0,0.0,0.0,0.0,1.0,0
0.6666666666666666,0.34480163981214784,0.0,0.2745709828393136,0.7435897435897436,0.8295964125560538,1.0,1.0,1.0,0.0,0.0,0.0,0
0.6666666666666666,0.5570431488544663,0.0,0.27769110764430577,0.358974358974359,1.0,1.0,1.0,0.0,0.0,0.0,1.0,0
0.3333333333333333,0.13982512129939534,0.07019943840449276,0.2215288611544462,0.7435897435897436,0.8295964125560538,1.0,1.0,0.0,0.0,1.0,0.0,1
0.0,0.20053968501076758,0.0,0.1934477379095164,0.7435897435897436,1.0,1.0,1.0,1.0,0.0,0.0,0.0,1
0.6666666666666666,0.24890376482187782,0.11999904000767994,0.1731669266770671,0.7435897435897436,1.0,1.0,1.0,0.0,0.0,0.0,0.0,0
0.0,0.24314366518772196,0.13499892000863994,0.27769110764430577,0.7435897435897436,1.0,1.0,1.0,0.0,0.0,1.0,0.0,0
0.0,0.06219350821203389,0.0,0.0795631825273011,0.7435897435897436,0.0,1.0,1.0,0.0,0.0,0.0,1.0,1
